"filename", "language", "Java", "comment", "blank", "total"
"/home/winter/Desktop/Nishant/spring-projects/shortlink/shortlink/project/src/main/java/com/nageoffer/shortlink/project/dao/entity/GroupDO.java", "Java", 0, 32, 0, 32
"/home/winter/Desktop/Nishant/spring-projects/shortlink/shortlink/project/src/main/java/com/nageoffer/shortlink/project/dao/entity/LinkAccessLogsDO.java", "Java", 0, 46, 0, 46
"/home/winter/Desktop/Nishant/spring-projects/shortlink/shortlink/project/src/main/java/com/nageoffer/shortlink/project/dao/entity/LinkAccessStatsDO.java", "Java", 0, 44, 0, 44
"/home/winter/Desktop/Nishant/spring-projects/shortlink/shortlink/project/src/main/java/com/nageoffer/shortlink/project/dao/entity/LinkBrowserStatsDO.java", "Java", 0, 40, 0, 40
"/home/winter/Desktop/Nishant/spring-projects/shortlink/shortlink/project/src/main/java/com/nageoffer/shortlink/project/dao/entity/LinkDeviceStatsDO.java", "Java", 0, 39, 0, 39
"/home/winter/Desktop/Nishant/spring-projects/shortlink/shortlink/project/src/main/java/com/nageoffer/shortlink/project/dao/entity/LinkLocaleStatsDO.java", "Java", 0, 45, 0, 45
"/home/winter/Desktop/Nishant/spring-projects/shortlink/shortlink/project/src/main/java/com/nageoffer/shortlink/project/dao/entity/LinkNetworkStatsDO.java", "Java", 0, 40, 0, 40
"/home/winter/Desktop/Nishant/spring-projects/shortlink/shortlink/project/src/main/java/com/nageoffer/shortlink/project/dao/entity/LinkOsStatsDO.java", "Java", 0, 39, 0, 39
"/home/winter/Desktop/Nishant/spring-projects/shortlink/shortlink/project/src/main/java/com/nageoffer/shortlink/project/dao/entity/LinkStatsTodayDO.java", "Java", 0, 42, 0, 42
"/home/winter/Desktop/Nishant/spring-projects/shortlink/shortlink/project/src/main/java/com/nageoffer/shortlink/project/dao/entity/ShortLinkDO.java", "Java", 0, 47, 0, 47
"/home/winter/Desktop/Nishant/spring-projects/shortlink/shortlink/project/src/main/java/com/nageoffer/shortlink/project/dao/entity/ShortLinkGotoDO.java", "Java", 0, 38, 0, 38
"/home/winter/Desktop/Nishant/spring-projects/shortlink/shortlink/project/src/main/java/com/nageoffer/shortlink/project/dao/mapper/LinkAccessLogsMapper.java", "Java", 0, 39, 0, 39
"/home/winter/Desktop/Nishant/spring-projects/shortlink/shortlink/project/src/main/java/com/nageoffer/shortlink/project/dao/mapper/LinkAccessStatsMapper.java", "Java", 0, 38, 0, 38
"/home/winter/Desktop/Nishant/spring-projects/shortlink/shortlink/project/src/main/java/com/nageoffer/shortlink/project/dao/mapper/LinkBrowserStatsMapper.java", "Java", 0, 35, 0, 35
"/home/winter/Desktop/Nishant/spring-projects/shortlink/shortlink/project/src/main/java/com/nageoffer/shortlink/project/dao/mapper/LinkDeviceStatsMapper.java", "Java", 0, 35, 0, 35
"/home/winter/Desktop/Nishant/spring-projects/shortlink/shortlink/project/src/main/java/com/nageoffer/shortlink/project/dao/mapper/LinkGroupMapper.java", "Java", 0, 25, 0, 25
"/home/winter/Desktop/Nishant/spring-projects/shortlink/shortlink/project/src/main/java/com/nageoffer/shortlink/project/dao/mapper/LinkLocaleStatsMapper.java", "Java", 0, 38, 0, 38
"/home/winter/Desktop/Nishant/spring-projects/shortlink/shortlink/project/src/main/java/com/nageoffer/shortlink/project/dao/mapper/LinkNetworkStatsMapper.java", "Java", 0, 35, 0, 35
"/home/winter/Desktop/Nishant/spring-projects/shortlink/shortlink/project/src/main/java/com/nageoffer/shortlink/project/dao/mapper/LinkOsStatsMapper.java", "Java", 0, 35, 0, 35
"/home/winter/Desktop/Nishant/spring-projects/shortlink/shortlink/project/src/main/java/com/nageoffer/shortlink/project/dao/mapper/LinkStatsTodayMapper.java", "Java", 0, 45, 0, 45
"/home/winter/Desktop/Nishant/spring-projects/shortlink/shortlink/project/src/main/java/com/nageoffer/shortlink/project/dao/mapper/ShortLinkGotoMapper.java", "Java", 0, 35, 0, 35
"/home/winter/Desktop/Nishant/spring-projects/shortlink/shortlink/project/src/main/java/com/nageoffer/shortlink/project/dao/mapper/ShortLinkMapper.java", "Java", 0, 50, 0, 50
"/home/winter/Desktop/Nishant/spring-projects/shortlink/shortlink/project/src/main/java/com/nageoffer/shortlink/project/dto/biz/ShortLinkStatsRecordDTO.java", "Java", 0, 34, 0, 34
"/home/winter/Desktop/Nishant/spring-projects/shortlink/shortlink/project/src/main/java/com/nageoffer/shortlink/project/dto/req/RecycleBinRecoverReqDTO.java", "Java", 0, 32, 0, 32
"/home/winter/Desktop/Nishant/spring-projects/shortlink/shortlink/project/src/main/java/com/nageoffer/shortlink/project/dto/req/RecycleBinRemoveReqDTO.java", "Java", 0, 32, 0, 32
"/home/winter/Desktop/Nishant/spring-projects/shortlink/shortlink/project/src/main/java/com/nageoffer/shortlink/project/dto/req/RecycleBinSaveReqDTO.java", "Java", 0, 33, 0, 33
"/home/winter/Desktop/Nishant/spring-projects/shortlink/shortlink/project/src/main/java/com/nageoffer/shortlink/project/dto/req/ShortLinkBatchCreateReqDTO.java", "Java", 0, 37, 0, 37
"/home/winter/Desktop/Nishant/spring-projects/shortlink/shortlink/project/src/main/java/com/nageoffer/shortlink/project/dto/req/ShortLinkCreateReqDTO.java", "Java", 0, 37, 0, 37
"/home/winter/Desktop/Nishant/spring-projects/shortlink/shortlink/project/src/main/java/com/nageoffer/shortlink/project/dto/req/ShortLinkGroupStatsAccessRecordReqDTO.java", "Java", 0, 53, 0, 53
"/home/winter/Desktop/Nishant/spring-projects/shortlink/shortlink/project/src/main/java/com/nageoffer/shortlink/project/dto/req/ShortLinkGroupStatsReqDTO.java", "Java", 0, 44, 0, 44
"/home/winter/Desktop/Nishant/spring-projects/shortlink/shortlink/project/src/main/java/com/nageoffer/shortlink/project/dto/req/ShortLinkPageReqDTO.java", "Java", 0, 41, 0, 41
"/home/winter/Desktop/Nishant/spring-projects/shortlink/shortlink/project/src/main/java/com/nageoffer/shortlink/project/dto/req/ShortLinkRecycleBinPageReqDTO.java", "Java", 0, 49, 0, 49
"/home/winter/Desktop/Nishant/spring-projects/shortlink/shortlink/project/src/main/java/com/nageoffer/shortlink/project/dto/req/ShortLinkStatsReqDTO.java", "Java", 0, 42, 0, 42
"/home/winter/Desktop/Nishant/spring-projects/shortlink/shortlink/project/src/main/java/com/nageoffer/shortlink/project/dto/req/ShortLinkUpdateReqDTO.java", "Java", 0, 37, 0, 37
"/home/winter/Desktop/Nishant/spring-projects/shortlink/shortlink/project/src/main/java/com/nageoffer/shortlink/project/dto/resp/ShortLinkBaseInfoRespDTO.java", "Java", 0, 24, 0, 24
"/home/winter/Desktop/Nishant/spring-projects/shortlink/shortlink/project/src/main/java/com/nageoffer/shortlink/project/dto/resp/ShortLinkBatchCreateRespDTO.java", "Java", 0, 31, 0, 31
"/home/winter/Desktop/Nishant/spring-projects/shortlink/shortlink/project/src/main/java/com/nageoffer/shortlink/project/dto/resp/ShortLinkCreateRespDTO.java", "Java", 0, 24, 0, 24
"/home/winter/Desktop/Nishant/spring-projects/shortlink/shortlink/project/src/main/java/com/nageoffer/shortlink/project/dto/resp/ShortLinkGroupCountQueryRespDTO.java", "Java", 0, 23, 0, 23
"/home/winter/Desktop/Nishant/spring-projects/shortlink/shortlink/project/src/main/java/com/nageoffer/shortlink/project/dto/resp/ShortLinkPageRespDTO.java", "Java", 0, 35, 0, 35
"/home/winter/Desktop/Nishant/spring-projects/shortlink/shortlink/project/src/main/java/com/nageoffer/shortlink/project/dto/resp/ShortLinkStatsAccessDailyRespDTO.java", "Java", 0, 25, 0, 25
"/home/winter/Desktop/Nishant/spring-projects/shortlink/shortlink/project/src/main/java/com/nageoffer/shortlink/project/dto/resp/ShortLinkStatsAccessRecordRespDTO.java", "Java", 0, 31, 0, 31
"/home/winter/Desktop/Nishant/spring-projects/shortlink/shortlink/project/src/main/java/com/nageoffer/shortlink/project/dto/resp/ShortLinkStatsBrowserRespDTO.java", "Java", 0, 24, 0, 24
"/home/winter/Desktop/Nishant/spring-projects/shortlink/shortlink/project/src/main/java/com/nageoffer/shortlink/project/dto/resp/ShortLinkStatsDeviceRespDTO.java", "Java", 0, 24, 0, 24
"/home/winter/Desktop/Nishant/spring-projects/shortlink/shortlink/project/src/main/java/com/nageoffer/shortlink/project/dto/resp/ShortLinkStatsLocaleCNRespDTO.java", "Java", 0, 24, 0, 24
"/home/winter/Desktop/Nishant/spring-projects/shortlink/shortlink/project/src/main/java/com/nageoffer/shortlink/project/dto/resp/ShortLinkStatsNetworkRespDTO.java", "Java", 0, 24, 0, 24
"/home/winter/Desktop/Nishant/spring-projects/shortlink/shortlink/project/src/main/java/com/nageoffer/shortlink/project/dto/resp/ShortLinkStatsOsRespDTO.java", "Java", 0, 24, 0, 24
"/home/winter/Desktop/Nishant/spring-projects/shortlink/shortlink/project/src/main/java/com/nageoffer/shortlink/project/dto/resp/ShortLinkStatsRespDTO.java", "Java", 0, 35, 0, 35
"/home/winter/Desktop/Nishant/spring-projects/shortlink/shortlink/project/src/main/java/com/nageoffer/shortlink/project/dto/resp/ShortLinkStatsTopIpRespDTO.java", "Java", 0, 24, 0, 24
"/home/winter/Desktop/Nishant/spring-projects/shortlink/shortlink/project/src/main/java/com/nageoffer/shortlink/project/dto/resp/ShortLinkStatsUvRespDTO.java", "Java", 0, 31, 0, 31
"Total", "-", 0, 1736, 0, 1736